building,total,mean,min,max
AdminBlock,19452,26.979195561719834,5,49
HostelA,19595,27.17753120665742,5,49
Library,19754,27.398058252427184,5,49
